{
  "Workflows": [
    {
      "Path": null,
      "SortBy": 0,
      "VariablesSectionElementsOrder": [],
      "ArgumentsSectionElementsOrder": null,
      "ConstantsSectionElementsOrder": [],
      "AddedNamespaces": null
    },
    {
      "Path": "Main.xaml",
      "SortBy": 0,
      "VariablesSectionElementsOrder": [
        "String_NomeMunicipio&Sequence_5",
        "String_Populacao&Sequence_5",
        "String_ConteudoApiUF&Sequence_1",
        "JsonArray_ConteudoApiUF&Sequence_1",
        "String_EstadoEscolhido&Sequence_1",
        "Int_StatosServidor&Sequence_1",
        "StringArray_Estados&Sequence_1",
        "Int_StatusServidorCidade&Sequence_1",
        "String_ConteudoApiCidade&Sequence_1",
        "JsonArray_ConteudoApiCidade&Sequence_1",
        "StringArray_Cidades&Sequence_1",
        "String_CidadeEscolhida&Sequence_1",
        "String_AreaTerritorial&Sequence_1",
        "String_AreaUrbanizada&Sequence_1",
        "String_CodigoCidade&Sequence_1",
        "Tabela_Municipios&Sequence_1",
        "String_QtdSalariosMinimos&Sequence_1",
        "String_PibPerCapita&Sequence_1",
        "String_MortalidadeInfantil&Sequence_1",
        "String_MatriculasFundamental&Sequence_1",
        "String_HabitantesCidade&Sequence_1",
        "índice&Sequence_1",
        "Index&Sequence_1",
        "String_CP_RPA_API_URL_Estados&Sequence_1",
        "String_CP_RPA_API_URL_Cidades&Sequence_1"
      ],
      "ArgumentsSectionElementsOrder": [],
      "ConstantsSectionElementsOrder": [],
      "AddedNamespaces": null
    }
  ]
}